"Country","Total Cases","New Cases","Total Deaths","New Deaths","Total Recovered","Active Cases","Serious,Critical",Tot Cases/1M pop,Deaths/1M pop,"Total Tests",Tests/1M pop,CASES per Test,Death in Closed Cases,Rank by Testing rate,Rank by Death rate,Rank by Cases rate,Rank by Death of Closed Cases 
World,"22,849,844.00","267,351.00","796,376.00","6,186.00","15,508,345.00","6,545,123.00","61,822.00","2,931.00",102.2,,,,4.88%,,52,80,61
USA,"5,746,272.00","45,341.00","177,424.00","1,090.00","3,095,484.00","2,473,364.00","16,817.00","17,346.00",536,"73,868,332.00","222,984.00","331,272,237",5.42%,19,10,8,53
Brazil,"3,505,097.00","44,684.00","112,423.00","1,234.00","2,653,407.00","739,267.00","8,318.00","16,474.00",528,"13,748,152.00","64,616.00","212,768,400",4.06%,71,11,10,82
India,"2,904,329.00","68,507.00","54,975.00",981,"2,157,941.00","691,413.00","8,944.00","2,102.00",40,"32,661,252.00","23,636.00","1,381,863,561",2.48%,123,87,90,121
Russia,"942,106.00","4,785.00","16,099.00",110,"755,513.00","170,494.00","2,300.00","6,455.00",110,"33,500,000.00","229,541.00","145,943,309",2.09%,17,49,39,140
South Africa,"599,940.00","3,880.00","12,618.00",195,"497,169.00","90,153.00",539,"10,098.00",212,"3,480,283.00","58,581.00","59,410,167",2.48%,82,30,20,123
Peru,"567,059.00","8,639.00","27,034.00",200,"380,730.00","159,295.00","1,519.00","17,166.00",818,"2,852,011.00","86,336.00","33,033,892",6.63%,58,3,9,38
Mexico,"537,031.00","5,792.00","58,481.00",707,"367,537.00","111,013.00","3,480.00","4,159.00",453,"1,211,552.00","9,383.00","129,117,943",13.73%,153,13,57,16
Colombia,"513,719.00","11,541.00","16,183.00",204,"339,124.00","158,412.00","1,493.00","10,081.00",318,"2,374,898.00","46,606.00","50,956,995",4.55%,91,20,21,65
Spain,"404,229.00","3,349.00","28,813.00",16,0,0,522,"8,645.00",616,"7,955,615.00","170,147.00","46,757,339",100.00%,29,5,25,1
Chile,"391,849.00","1,812.00","10,671.00",93,"366,063.00","15,115.00","1,077.00","20,474.00",558,"2,113,632.00","110,437.00","19,138,783",2.83%,48,9,5,110
Iran,"352,558.00","2,279.00","20,264.00",139,"304,236.00","28,058.00","3,869.00","4,190.00",241,"2,939,840.00","34,940.00","84,138,745",6.24%,108,25,56,41
UK,"322,280.00","1,182.00","41,403.00",6,0,0,70,"4,744.00",609,"15,177,265.00","223,407.00","67,935,641",100.00%,18,6,53,1
Argentina,"320,884.00","8,225.00","6,517.00",187,"233,651.00","80,716.00","1,832.00","7,091.00",144,"1,030,992.00","22,783.00","45,252,733",2.71%,127,40,33,113
Saudi Arabia,"303,973.00","1,287.00","3,548.00",42,"275,476.00","24,949.00","1,682.00","8,713.00",102,"4,501,104.00","129,021.00","34,886,672",1.27%,39,53,24,163
Pakistan,"290,958.00",513,"6,209.00",8,"272,804.00","11,945.00",725,"1,314.00",28,"2,363,752.00","10,673.00","221,460,187",2.23%,148,100,109,134
Bangladesh,"287,959.00","2,868.00","3,822.00",41,"168,991.00","115,146.00",,"1,746.00",23,"1,407,556.00","8,535.00","164,914,115",2.21%,156,107,95,135
Italy,"256,118.00",840,"35,418.00",6,"204,686.00","16,014.00",68,"4,237.00",586,"7,790,596.00","128,878.00","60,449,180",14.75%,40,7,55,12
Turkey,"254,520.00","1,412.00","6,058.00",19,"234,797.00","13,665.00",735,"3,013.00",72,"6,061,930.00","71,770.00","84,463,026",2.52%,65,63,79,119
Germany,"231,284.00","1,584.00","9,324.00",10,"204,800.00","17,160.00",231,"2,759.00",111,"10,197,366.00","121,656.00","83,821,481",4.35%,43,48,83,75
France,"229,814.00","4,771.00","30,480.00",12,"84,065.00","115,269.00",384,"3,520.00",467,"6,000,000.00","91,892.00","65,293,815",26.61%,56,12,70,8
Iraq,"192,797.00","3,995.00","6,208.00",87,"137,200.00","49,389.00",614,"4,779.00",154,"1,368,727.00","33,929.00","40,340,634",4.33%,110,38,52,76
Philippines,"177,579.00","3,896.00","2,881.00",86,"113,903.00","60,795.00",717,"1,618.00",26,"2,193,448.00","19,981.00","109,778,515",2.47%,129,101,99,124
Indonesia,"147,211.00","2,266.00","6,418.00",72,"100,674.00","40,119.00",,537,23,"1,969,941.00","7,192.00","273,918,933",5.99%,163,107,147,44
Canada,"123,873.00",383,"9,054.00",5,"110,288.00","4,531.00",61,"3,278.00",240,"4,974,215.00","131,636.00","37,787,666",7.59%,37,26,76,34
Qatar,"116,224.00",268,193,,"112,924.00","3,107.00",64,"41,393.00",69,"572,273.00","203,815.00","2,807,805",0.17%,23,65,1,191
Ecuador,"105,508.00","1,033.00","6,200.00",54,"87,660.00","11,648.00",331,"5,968.00",351,"297,376.00","16,821.00","17,679,078",6.61%,134,19,44,40
Bolivia,"105,050.00","2,031.00","4,233.00",61,"39,965.00","60,852.00",71,"8,983.00",362,"222,251.00","19,005.00","11,694,550",9.58%,130,16,23,25
Kazakhstan,"103,815.00",244,"1,415.00",,"86,450.00","15,950.00",221,"5,520.00",75,"2,291,327.00","121,832.00","18,807,256",1.61%,42,62,47,152
Israel,"99,599.00","1,630.00",795,14,"74,579.00","24,225.00",389,"10,829.00",86,"2,180,096.00","237,029.00","9,197,590",1.05%,16,57,19,169
Ukraine,"98,537.00","2,134.00","2,184.00",40,"50,441.00","45,912.00",177,"2,255.00",50,"1,356,698.00","31,049.00","43,695,861",4.15%,113,80,88,81
Egypt,"97,025.00",111,"5,212.00",15,"63,462.00","28,351.00",41,946,51,"135,000.00","1,316.00","102,590,466",7.59%,189,78,124,33
Dominican Republic,"89,010.00",883,"1,505.00",4,"57,734.00","29,771.00",288,"8,194.00",139,"335,478.00","30,883.00","10,862,806",2.54%,114,43,28,116
Sweden,"85,810.00",,"5,805.00",5,0,0,27,"8,489.00",574,"1,030,010.00","101,900.00","10,108,001",100.00%,53,8,26,1
China,"84,895.00",7,"4,634.00",,"79,745.00",516,24,59,3,"90,410,000.00","62,814.00","1,439,323,776",5.49%,77,169,199,52
Panama,"83,855.00",101,"1,844.00",17,"59,174.00","22,837.00",154,"19,393.00",426,"287,300.00","66,445.00","4,323,882",3.02%,69,14,6,101
Oman,"83,769.00",163,609,6,"78,386.00","4,774.00",151,"16,350.00",119,"309,212.00","60,353.00","5,123,430",0.77%,79,46,11,174
Belgium,"79,479.00",582,"9,969.00",10,"18,078.00","51,432.00",83,"6,854.00",860,"2,049,976.00","176,773.00","11,596,664",35.54%,27,2,34,6
Kuwait,"78,767.00",622,509,2,"70,642.00","7,616.00",94,"18,407.00",119,"577,588.00","134,980.00","4,279,075",0.72%,35,46,7,178
Romania,"74,963.00","1,346.00","3,154.00",48,"34,196.00","37,613.00",489,"3,900.00",164,"1,591,015.00","82,783.00","19,219,141",8.44%,60,35,61,28
Belarus,"69,950.00",149,627,5,"67,929.00","1,394.00",,"7,403.00",66,"1,437,110.00","152,093.00","9,448,882",0.91%,33,67,32,171
Guatemala,"65,983.00","1,102.00","2,506.00",39,"54,351.00","9,126.00",5,"3,674.00",140,"213,204.00","11,871.00","17,959,594",4.41%,146,42,67,72
UAE,"65,802.00",461,369,2,"58,153.00","7,280.00",,"6,642.00",37,"6,265,918.00","632,496.00","9,906,649",0.63%,7,89,37,183
Netherlands,"65,054.00",529,"6,191.00",10,0,0,51,"3,795.00",361,"1,312,787.00","76,591.00","17,140,202",100.00%,63,17,63,1
Poland,"59,378.00",767,"1,925.00",12,"40,481.00","16,972.00",85,"1,569.00",51,"2,409,394.00","63,672.00","37,840,722",4.54%,74,78,101,66
Japan,"58,501.00",951,"1,144.00",16,"45,266.00","12,091.00",237,463,9,"1,259,422.00","9,962.00","126,421,114",2.46%,152,137,154,125
Singapore,"56,099.00",68,27,0,"53,119.00","2,953.00",,"9,579.00",5,"1,745,928.00","298,108.00","5,856,690",0.05%,15,155,22,192
Portugal,"54,992.00",291,"1,788.00",2,"40,264.00","12,940.00",39,"5,395.00",175,"1,880,235.00","184,473.00","10,192,461",4.25%,26,34,49,80
Honduras,"52,298.00",628,"1,608.00",15,"7,867.00","42,823.00",43,"5,269.00",162,"127,946.00","12,890.00","9,925,734",16.97%,142,36,50,9
Nigeria,"50,964.00",476,992,7,"37,569.00","12,403.00",7,246,5,"352,625.00","1,705.00","206,802,324",2.57%,185,155,173,115
Bahrain,"48,303.00",353,179,1,"44,628.00","3,496.00",37,"28,265.00",105,"1,011,805.00","592,064.00","1,708,944",0.40%,8,51,3,188
Morocco,"47,638.00","1,325.00",775,32,"32,806.00","14,057.00",31,"1,289.00",21,"1,670,569.00","45,187.00","36,970,089",2.31%,94,111,110,129
Ghana,"43,260.00",166,261,5,"41,276.00","1,723.00",5,"1,388.00",8,"431,272.00","13,841.00","31,158,344",0.63%,141,141,106,184
Kyrgyzstan,"42,507.00",182,"1,498.00",0,"35,486.00","5,523.00",24,"6,501.00",229,"267,718.00","40,944.00","6,538,600",4.05%,101,28,38,83
Armenia,"42,319.00",263,836,3,"35,476.00","6,007.00",,"14,278.00",282,"190,560.00","64,291.00","2,964,022",2.30%,72,21,13,130
Algeria,"40,258.00",411,"1,411.00",9,"28,281.00","10,566.00",41,916,32,,,"43,956,407",4.75%,,96,126,64
Switzerland,"39,026.00",266,"1,998.00",2,"33,900.00","3,128.00",15,"4,505.00",231,"910,283.00","105,073.00","8,663,370",5.57%,50,27,54,51
Afghanistan,"37,856.00",257,"1,385.00",10,"27,681.00","8,790.00",31,970,35,"100,138.00","2,565.00","39,043,064",4.77%,180,92,120,62
Venezuela,"37,567.00",699,311,8,"26,330.00","10,926.00",85,"1,322.00",11,"1,678,639.00","59,056.00","28,424,431",1.17%,80,133,108,164
Uzbekistan,"37,547.00",435,252,4,"33,261.00","4,034.00",410,"1,120.00",8,"1,377,915.00","41,089.00","33,534,589",0.75%,100,141,114,177
Ethiopia,"35,836.00","1,778.00",620,20,"13,536.00","21,680.00",216,311,5,"694,093.00","6,018.00","115,332,992",4.38%,168,155,165,73
Azerbaijan,"34,759.00",139,510,,"32,511.00","1,738.00",,"3,424.00",50,"855,802.00","84,301.00","10,151,735",1.54%,59,80,74,154
Moldova,"31,937.00",522,921,7,"21,885.00","9,131.00",362,"7,920.00",228,"183,923.00","45,609.00","4,032,626",4.04%,93,29,30,84
Kenya,"31,441.00",426,516,10,"17,869.00","13,056.00",44,583,10,"398,585.00","7,391.00","53,926,571",2.81%,161,134,141,111
Costa Rica,"31,075.00",666,333,12,"9,939.00","20,803.00",128,"6,093.00",65,"126,337.00","24,769.00","5,100,508",3.24%,121,69,41,94
Serbia,"30,209.00",161,689,5,"27,908.00","1,612.00",52,"3,459.00",79,"842,441.00","96,474.00","8,732,325",2.41%,54,60,73,127
Nepal,"29,645.00",707,126,6,"17,964.00","11,555.00",,"1,015.00",4,"878,622.00","30,083.00","29,206,558",0.70%,116,162,118,179
Ireland,"27,676.00",129,"1,776.00",1,"23,364.00","2,536.00",6,"5,596.00",359,"735,598.00","148,747.00","4,945,309",7.06%,34,18,46,36
Austria,"24,431.00",347,729,,"21,093.00","2,609.00",21,"2,710.00",81,"1,061,437.00","117,760.00","9,013,539",3.34%,44,59,84,92
Australia,"24,236.00",243,463,13,"17,854.00","5,919.00",51,949,18,"5,507,605.00","215,645.00","25,540,177",2.53%,22,114,123,117
El Salvador,"23,964.00",247,640,7,"11,558.00","11,766.00",391,"3,692.00",99,"288,307.00","44,418.00","6,490,763",5.25%,96,55,66,57
Czechia,"21,045.00",247,406,2,"15,886.00","4,753.00",24,"1,965.00",38,"820,151.00","76,565.00","10,711,777",2.49%,64,88,91,120
Cameroon,"18,762.00",138,408,2,"16,540.00","1,814.00",30,705,15,"149,000.00","5,595.00","26,631,541",2.41%,170,125,133,128
Palestine,"17,989.00",383,120,1,"10,682.00","7,187.00",,"3,516.00",23,"214,862.00","41,991.00","5,116,888",1.11%,98,107,71,167
Ivory Coast,"17,249.00",17,112,1,"14,611.00","2,526.00",,652,4,"117,115.00","4,426.00","26,463,011",0.76%,175,162,138,175
Bosnia and Herzegovina,"17,029.00",338,515,8,"10,881.00","5,633.00",,"5,195.00",157,"168,861.00","51,515.00","3,277,873",4.52%,87,37,51,68
S. Korea,"16,346.00",288,307,1,"14,063.00","1,976.00",12,319,6,"1,734,083.00","33,819.00","51,275,415",2.14%,111,148,162,137
Denmark,"16,056.00",116,621,,"13,769.00","1,666.00",1,"2,771.00",107,"2,075,156.00","358,091.00","5,795,057",4.32%,14,50,81,77
Bulgaria,"14,962.00",142,532,5,"10,087.00","4,343.00",63,"2,156.00",77,"358,723.00","51,683.00","6,940,865",5.01%,86,61,89,59
Madagascar,"14,154.00",80,177,4,"13,038.00",939,83,509,6,"53,954.00","1,942.00","27,783,027",1.34%,183,148,150,161
North Macedonia,"13,194.00",118,554,3,"9,752.00","2,888.00",4,"6,333.00",266,"132,493.00","63,596.00","2,083,362",5.38%,75,24,40,56
Sudan,"12,582.00",36,812,4,"6,456.00","5,314.00",,286,18,401,9,"43,982,802",11.17%,194,114,166,19
Senegal,"12,559.00",113,261,3,"8,050.00","4,248.00",39,748,16,"134,349.00","7,997.00","16,800,813",3.14%,159,122,132,98
Paraguay,"11,817.00",684,170,5,"6,783.00","4,864.00",63,"1,654.00",24,"166,110.00","23,250.00","7,144,441",2.44%,125,104,97,126
Lebanon,"10,952.00",605,113,4,"3,040.00","7,799.00",72,"1,606.00",17,"443,709.00","65,050.00","6,821,056",3.58%,70,118,100,86
Zambia,"10,372.00",154,274,5,"9,126.00",972,,562,15,"103,023.00","5,584.00","18,449,899",2.91%,171,125,143,108
Norway,"10,197.00",35,264,2,"9,150.00",783,1,"1,879.00",49,"588,550.00","108,447.00","5,427,090",2.80%,49,82,93,112
DRC,"9,757.00",16,247,1,"8,895.00",615,,109,3,,,"89,906,805",2.70%,,169,190,114
Libya,"9,707.00",244,173,4,"1,047.00","8,487.00",,"1,410.00",25,"88,492.00","12,855.00","6,883,928",14.18%,144,103,105,14
Malaysia,"9,240.00",5,125,,"8,932.00",183,7,285,4,"1,152,140.00","35,535.00","32,422,234",1.38%,105,162,167,160
Guinea,"8,876.00",84,53,,"7,628.00","1,195.00",24,674,4,"16,975.00","1,288.00","13,178,580",0.69%,190,162,137,180
French Guiana,"8,743.00",32,54,,"8,189.00",500,17,"29,174.00",180,"48,382.00","161,444.00","299,682",0.66%,31,33,2,181
Gabon,"8,319.00",,53,,"6,614.00","1,652.00",1,"3,726.00",24,"104,420.00","46,771.00","2,232,578",0.79%,90,104,64,173
Tajikistan,"8,203.00",37,66,1,"7,006.00","1,131.00",,858,7,,,"9,565,683",0.93%,,146,129,170
Haiti,"7,997.00",48,196,,"5,447.00","2,354.00",,700,17,"21,400.00","1,874.00","11,421,419",3.47%,184,118,135,88
Albania,"7,967.00",155,238,4,"3,986.00","3,743.00",15,"2,769.00",83,"49,172.00","17,089.00","2,877,351",5.63%,133,58,82,50
Greece,"7,934.00",250,235,,"3,804.00","3,895.00",30,762,23,"816,450.00","78,386.00","10,415,735",5.82%,62,107,130,47
Finland,"7,842.00",37,334,,"7,100.00",408,,"1,415.00",60,"517,936.00","93,458.00","5,541,933",4.49%,55,72,104,69
Luxembourg,"7,637.00",71,124,,"6,903.00",610,3,"12,174.00",198,"706,629.00","1,126,386.00","627,342",1.76%,4,32,16,148
Croatia,"7,329.00",255,168,,"5,472.00","1,689.00",13,"1,787.00",41,"144,521.00","35,235.00","4,101,613",2.98%,107,86,94,103
Mauritania,"6,848.00",19,158,,"6,123.00",567,3,"1,468.00",34,"68,872.00","14,762.00","4,665,419",2.52%,138,93,103,118
Maldives,"6,370.00",145,24,,"3,915.00","2,431.00",12,"11,757.00",44,"100,233.00","184,996.00","541,813",0.61%,25,84,17,185
Zimbabwe,"5,745.00",102,151,1,"4,525.00","1,069.00",,386,10,"149,748.00","10,056.00","14,892,083",3.23%,150,134,157,95
Djibouti,"5,374.00",,59,,"5,216.00",99,,"5,429.00",60,"63,471.00","64,116.00","989,936",1.12%,73,72,48,166
Malawi,"5,282.00",42,165,1,"2,883.00","2,234.00",4,275,9,"41,026.00","2,137.00","19,193,810",5.41%,181,137,168,54
Hungary,"5,046.00",44,609,,"3,678.00",759,7,523,63,"390,079.00","40,394.00","9,656,850",14.21%,102,70,148,13
Namibia,"4,912.00",247,41,2,"2,442.00","2,429.00",18,"1,929.00",16,"45,744.00","17,960.00","2,547,027",1.65%,131,122,92,150
Equatorial Guinea,"4,892.00",,83,,"2,713.00","2,096.00",,"3,473.00",59,"49,215.00","34,935.00","1,408,774",2.97%,109,74,72,105
CAR,"4,679.00",,61,,"1,755.00","2,863.00",2,967,13,"30,775.00","6,357.00","4,840,968",3.36%,166,130,121,91
Hong Kong,"4,605.00",18,73,1,"3,827.00",705,31,614,10,"780,415.00","103,981.00","7,505,365",1.87%,52,134,140,143
Nicaragua,"4,311.00",,133,,"2,913.00","1,265.00",,650,20,,,"6,635,277",4.37%,,112,139,74
Montenegro,"4,229.00",55,81,1,"3,186.00",962,,"6,733.00",129,"44,219.00","70,404.00","628,077",2.48%,68,44,36,122
Eswatini,"4,110.00",52,81,2,"2,643.00","1,386.00",11,"3,538.00",70,"28,380.00","24,427.00","1,161,807",2.97%,122,64,68,104
Congo,"3,850.00",,77,,"1,625.00","2,148.00",,695,14,,,"5,535,717",4.52%,,128,136,67
Cuba,"3,565.00",83,88,,"2,894.00",583,3,315,8,"346,439.00","30,589.00","11,325,635",2.95%,115,141,164,106
Thailand,"3,389.00",7,58,,"3,218.00",113,1,49,0.8,"749,213.00","10,730.00","69,824,575",1.77%,147,180,201,146
Cabo Verde,"3,368.00",47,37,1,"2,462.00",869,,"6,049.00",66,"73,900.00","132,720.00","556,812",1.48%,36,67,42,157
Suriname,"3,366.00",71,55,1,"2,383.00",928,20,"5,731.00",94,"5,889.00","10,026.00","587,354",2.26%,151,56,45,131
Somalia,"3,265.00",,93,,"2,396.00",776,,205,6,,,"15,950,038",3.74%,,148,180,85
Mayotte,"3,160.00",,39,,"2,964.00",157,1,"11,547.00",143,"13,000.00","47,502.00","273,671",1.30%,89,41,18,162
Mozambique,"3,115.00",70,20,1,"1,380.00","1,715.00",,99,0.6,"82,264.00","2,623.00","31,367,587",1.43%,178,182,191,158
Slovakia,"3,102.00",80,33,,"2,014.00","1,055.00",8,568,6,"304,021.00","55,681.00","5,460,016",1.61%,83,148,142,151
Sri Lanka,"2,918.00",16,11,,"2,765.00",142,1,136,0.5,"195,025.00","9,102.00","21,425,788",0.40%,154,183,187,189
Rwanda,"2,717.00",73,11,1,"1,705.00","1,001.00",,209,0.8,"351,383.00","27,042.00","12,993,865",0.64%,118,180,179,182
Mali,"2,667.00",,125,,"1,993.00",549,,131,6,"32,716.00","1,610.00","20,325,303",5.90%,187,148,188,45
Tunisia,"2,543.00",116,63,3,"1,397.00","1,083.00",8,215,5,"119,193.00","10,071.00","11,835,528",4.32%,149,155,177,78
Slovenia,"2,536.00",43,129,,"2,079.00",328,3,"1,220.00",62,"147,091.00","70,752.00","2,078,978",5.84%,66,71,112,46
Lithuania,"2,528.00",32,82,1,"1,747.00",699,6,931,30,"594,478.00","218,825.00","2,716,679",4.48%,20,98,125,70
South Sudan,"2,494.00",,47,,"1,290.00","1,157.00",,222,4,"12,044.00","1,074.00","11,211,590",3.52%,191,162,175,87
Gambia,"2,401.00",113,81,4,435,"1,885.00",,990,33,"10,781.00","4,445.00","2,425,361",15.70%,174,94,119,10
Estonia,"2,227.00",20,63,,"2,009.00",155,,"1,679.00",47,"138,166.00","104,146.00","1,326,661",3.04%,51,83,96,100
Guinea-Bissau,"2,149.00",32,33,,"1,015.00","1,101.00",5,"1,089.00",17,"1,500.00",760,"1,974,061",3.15%,192,118,116,97
Benin,"2,095.00",,39,,"1,705.00",351,,172,3,"107,057.00","8,801.00","12,164,164",2.24%,155,169,183,132
Angola,"2,044.00",29,93,1,742,"1,209.00",24,62,3,"64,747.00","1,962.00","32,995,591",11.14%,182,169,197,20
Iceland,"2,040.00",5,10,,"1,913.00",117,1,"5,973.00",29,"191,690.00","561,236.00","341,550",0.52%,10,99,43,186
Syria,"2,008.00",81,82,4,460,"1,466.00",,114,5,,,"17,555,909",15.13%,,155,189,11
Sierra Leone,"1,969.00",8,69,,"1,536.00",364,,246,9,,,"7,998,386",4.30%,,137,173,79
Yemen,"1,899.00",7,541,2,"1,058.00",300,,63,18,120,4,"29,912,082",33.83%,195,114,196,7
Uganda,"1,750.00",94,19,3,"1,194.00",537,,38,0.4,"336,713.00","7,332.00","45,923,374",1.57%,162,184,204,153
New Zealand,"1,654.00",5,22,,"1,531.00",101,6,331,4,"657,506.00","131,446.00","5,002,100",1.42%,38,162,160,159
Bahamas,"1,610.00",79,23,1,211,"1,376.00",61,"4,089.00",58,"8,449.00","21,457.00","393,759",9.83%,128,75,58,24
Malta,"1,510.00",40,9,,802,699,,"3,419.00",20,"166,348.00","376,602.00","441,708",1.11%,13,112,75,168
Uruguay,"1,506.00",13,41,1,"1,242.00",223,3,433,12,"154,431.00","44,435.00","3,475,415",3.20%,95,132,155,96
Jordan,"1,498.00",16,11,,"1,261.00",226,3,147,1,"720,972.00","70,566.00","10,217,009",0.86%,67,177,184,172
Cyprus,"1,395.00",10,20,,878,497,5,"1,154.00",17,"263,943.00","218,392.00","1,208,574",2.23%,21,118,113,133
Aruba,"1,387.00",91,6,1,277,"1,104.00",2,"12,983.00",56,"17,669.00","165,395.00","106,829",2.12%,30,76,15,138
Georgia,"1,370.00",9,17,,"1,108.00",245,,344,4,"315,142.00","79,021.00","3,988,076",1.51%,61,162,159,155
Latvia,"1,327.00",1,33,,"1,093.00",201,,705,18,"232,918.00","123,686.00","1,883,144",2.93%,41,114,133,107
Botswana,"1,308.00",,3,,136,"1,169.00",1,555,1,"93,420.00","39,620.00","2,357,895",2.16%,103,177,144,136
Burkina Faso,"1,297.00",12,55,,"1,034.00",208,,62,3,,,"20,976,858",5.05%,,169,197,58
Liberia,"1,284.00",2,82,,803,399,,253,16,,,"5,073,177",9.27%,,122,170,26
Togo,"1,212.00",22,27,,878,307,2,146,3,"55,741.00","6,713.00","8,304,024",2.98%,164,169,185,102
Jamaica,"1,192.00",46,14,,772,406,1,402,5,"49,215.00","16,610.00","2,962,971",1.78%,135,155,156,144
Niger,"1,169.00",2,69,,"1,082.00",18,,48,3,"9,052.00",372,"24,315,155",5.99%,193,169,202,43
Andorra,"1,024.00",,53,,875,96,1,"13,250.00",686,"137,457.00","1,778,642.00","77,282",5.71%,1,4,14,49
Vietnam,"1,007.00",13,25,,542,440,,10,0.3,"817,208.00","8,385.00","97,458,937",4.41%,157,187,211,71
Lesotho,996,50,30,,423,543,,464,14,"12,033.00","5,611.00","2,144,591",6.62%,169,128,153,39
Réunion,996,51,5,,657,334,3,"1,111.00",6,"35,419.00","39,521.00","896,196",0.76%,104,148,115,176
Chad,972,1,76,,869,27,,59,5,,,"16,486,068",8.04%,,155,199,30
Sao Tome and Principe,888,3,15,,829,44,,"4,042.00",68,"3,432.00","15,621.00","219,700",1.78%,137,66,59,145
Guyana,846,70,29,2,399,418,8,"1,075.00",37,"6,502.00","8,261.00","787,081",6.78%,158,89,117,37
Trinidad and Tobago,767,81,12,,140,615,3,548,9,"18,036.00","12,882.00","1,400,123",7.89%,143,137,145,31
Diamond Princess,712,,13,,651,48,4,,,,,,1.96%,,,,142
San Marino,704,,42,,657,5,,"20,742.00","1,237.00","6,511.00","191,833.00","33,941",6.01%,24,1,4,42
Channel Islands,613,,48,,545,20,,"3,521.00",276,"68,985.00","396,276.00","174,083",8.09%,12,23,69,29
Belize,605,52,5,1,38,562,3,"1,518.00",13,"5,592.00","14,030.00","398,588",11.63%,140,130,102,17
Guadeloupe,510,,15,,289,206,2,"1,275.00",37,"23,585.00","58,943.00","400,134",4.93%,81,89,111,60
Tanzania,509,,21,,183,305,7,8,0.4,,,"59,951,725",10.29%,,184,212,23
Taiwan,486,,7,,457,22,,20,0.3,"85,563.00","3,592.00","23,822,843",1.51%,176,187,207,156
Burundi,422,,1,,336,85,,35,0.08,"19,993.00","1,675.00","11,935,821",0.30%,186,190,205,190
Comoros,417,11,7,,396,14,,478,8,,,"872,036",1.74%,,141,152,149
Myanmar,399,5,6,,333,60,,7,0.1,"141,044.00","2,590.00","54,460,318",1.77%,179,189,213,147
Faeroe Islands,383,1,,,274,109,3,"7,834.00",,"80,312.00","1,642,742.00","48,889",,2,,31,
Papua New Guinea,361,14,4,1,198,159,,40,0.4,"14,439.00","1,610.00","8,969,502",1.98%,187,184,203,141
Sint Maarten,348,15,17,,133,198,3,"8,104.00",396,"1,983.00","46,179.00","42,942",11.33%,92,15,29,18
Mauritius,346,,10,,334,2,,272,8,"205,285.00","161,379.00","1,272,065",2.91%,32,141,169,109
Isle of Man,336,,24,,312,0,,"3,948.00",282,"9,423.00","110,734.00","85,096",7.14%,47,21,60,35
Martinique,336,,16,,98,222,2,895,43,"12,227.00","32,586.00","375,224",14.04%,112,85,127,15
Turks and Caicos,327,12,2,,56,269,3,"8,430.00",52,"1,940.00","50,015.00","38,788",3.45%,88,77,27,89
Eritrea,306,2,,,274,32,,86,,,,"3,553,053",,,,193,
Mongolia,298,,,,281,17,1,91,,"46,332.00","14,103.00","3,285,365",,139,,192,
Cambodia,273,,,,253,20,1,16,,"83,626.00","4,993.00","16,750,228",,172,,210,
Gibraltar,229,6,,,200,29,,"6,797.00",,"28,366.00","841,971.00","33,690",,5,,35,
French Polynesia,211,,,,68,143,2,751,,"9,912.00","35,257.00","281,134",,106,,131,
Cayman Islands,205,,1,,202,2,,"3,114.00",15,"33,978.00","516,171.00","65,827",0.49%,11,125,78,187
Bermuda,166,,9,,147,10,,"2,667.00",145,"36,203.00","581,621.00","62,245",5.77%,9,39,85,48
Barbados,156,1,7,,123,26,,543,24,"15,028.00","52,285.00","287,425",5.38%,85,104,146,55
Monaco,150,2,4,,115,31,1,"3,819.00",102,"51,953.00","1,322,632.00","39,280",3.36%,3,53,62,90
Bhutan,150,3,,,105,45,,194,,"66,835.00","86,488.00","772,767",,57,,182,
Brunei,143,,3,,139,1,,326,7,"49,399.00","112,769.00","438,054",2.11%,46,146,161,139
Seychelles,132,,,,126,6,,"1,341.00",,,,"98,431",,,,107,
Saint Martin,121,,5,,49,67,1,"3,122.00",129,"2,449.00","63,193.00","38,754",9.26%,76,44,77,27
Liechtenstein,99,1,1,,88,10,,"2,595.00",26,900,"23,595.00","38,143",1.12%,124,101,87,165
Antigua and Barbuda,94,,3,,89,2,1,959,31,"1,738.00","17,727.00","98,041",3.26%,132,97,122,93
St. Vincent Grenadines,58,,,,56,2,,523,,"3,033.00","27,327.00","110,989",,117,,148,
Macao,46,,,,46,0,,71,,"4,071.00","6,258.00","650,532",,167,,195,
Curaçao,36,,1,,31,4,,219,6,"1,080.00","6,578.00","164,187",3.13%,165,148,176,99
Fiji,28,,1,,20,7,,31,1,"6,693.00","7,459.00","897,343",4.76%,160,177,206,63
Saint Lucia,26,,,,25,1,,142,,"4,946.00","26,918.00","183,744",,119,,186,
Timor-Leste,25,,,,25,0,,19,,"4,238.00","3,206.00","1,321,774",,177,,208,
Grenada,24,,,,24,0,,213,,"6,252.00","55,526.00","112,596",,84,,178,
New Caledonia,23,,,,22,1,,80,,"11,838.00","41,410.00","285,874",,99,,194,
Laos,22,,,,19,3,,3,,"35,428.00","4,860.00","7,289,790",,173,,214,
Dominica,18,,,,18,0,,250,,"1,646.00","22,858.00","72,011",,126,,171,
Saint Kitts and Nevis,17,,,,17,0,,319,,"1,385.00","26,009.00","53,251",,120,,162,
St. Barth,16,,,,9,7,,"1,619.00",,"1,699.00","171,946.00","9,881",,28,,98,
Greenland,14,,,,14,0,,247,,"6,446.00","113,518.00","56,784",,45,,172,
Montserrat,13,,1,,12,0,,"2,604.00",200,61,"12,220.00","4,992",7.69%,145,31,86,32
Caribbean Netherlands,13,,,,7,6,,495,,424,"16,149.00","26,256",,136,,151,
Falkland Islands,13,,,,13,0,,"3,722.00",,"2,256.00","645,863.00","3,493",,6,,65,
Vatican City,12,,,,12,0,,"14,981.00",,,,801,,,,12,
British Virgin Islands,11,,1,,8,2,,364,33,"1,890.00","62,461.00","30,259",11.11%,78,94,158,21
Western Sahara,10,,1,,8,1,,17,2,,,"599,245",11.11%,,176,209,21
MS Zaandam,9,,2,,,7,,,,,,,100.00%,,,,1
Saint Pierre Miquelon,5,,,,1,4,,864,,,,"5,790",,,,128,
Anguilla,3,,,,3,0,,200,,662,"44,072.00","15,021",,97,,181,
,,,,,,,,,,,,,,,,,
,,,,,,,,,,,,,,,,,
,,,,,,,,,,,,,,,,,
,,,,,,,,,,,,,,,,,
,,,,,,,,,,,,,,,,,
,,,,,,,,,,,,,,,,,
,,,,,,,,,,,,,,,,,
,,,,,,,,,,,,,,,,,
,,,,,,,,,,,,,,,,,
,,,,,,,,,,,,,,,,,
,,,,,,,,,,,,,,,,,
,,,,,,,,,,,,,,,,,
,,,,,,,,,,,,,,,,,
,,,,,,,,,,,,,,,,,
,,,,,,,,,,,,,,,,,
,,,,,,,,,,,,,,,,,
,,,,,,,,,,,,,,,,,
,,,,,,,,,,,,,,,,,
,,,,,,,,,,,,,,,,,
,,,,,,,,,,,,,,,,,
,,,,,,,,,,,,,,,,,
,,,,,,,,,,,,,,,,,
,,,,,,,,,,,,,,,,,
,,,,,,,,,,,,,,,,,
,,,,,,,,,,,,,,,,,
,,,,,,,,,,,,,,,,,
,,,,,,,,,,,,,,,,,
,,,,,,,,,,,,,,,,,
,,,,,,,,,,,,,,,,,
,,,,,,,,,,,,,,,,,
,,,,,,,,,,,,,,,,,
,,,,,,,,,,,,,,,,,
,,,,,,,,,,,,,,,,,
,,,,,,,,,,,,,,,,,
,,,,,,,,,,,,,,,,,
,,,,,,,,,,,,,,,,,
,,,,,,,,,,,,,,,,,
,,,,,,,,,,,,,,,,,
,,,,,,,,,,,,,,,,,
,,,,,,,,,,,,,,,,,
,,,,,,,,,,,,,,,,,
,,,,,,,,,,,,,,,,,
,,,,,,,,,,,,,,,,,
,,,,,,,,,,,,,,,,,
,,,,,,,,,,,,,,,,,
,,,,,,,,,,,,,,,,,
,,,,,,,,,,,,,,,,,
,,,,,,,,,,,,,,,,,
,,,,,,,,,,,,,,,,,
,,,,,,,,,,,,,,,,,
,,,,,,,,,,,,,,,,,
,,,,,,,,,,,,,,,,,
,,,,,,,,,,,,,,,,,
,,,,,,,,,,,,,,,,,
,,,,,,,,,,,,,,,,,
,,,,,,,,,,,,,,,,,
,,,,,,,,,,,,,,,,,
,,,,,,,,,,,,,,,,,
,,,,,,,,,,,,,,,,,
,,,,,,,,,,,,,,,,,
,,,,,,,,,,,,,,,,,
,,,,,,,,,,,,,,,,,
,,,,,,,,,,,,,,,,,
,,,,,,,,,,,,,,,,,
,,,,,,,,,,,,,,,,,
,,,,,,,,,,,,,,,,,
,,,,,,,,,,,,,,,,,
,,,,,,,,,,,,,,,,,
,,,,,,,,,,,,,,,,,
,,,,,,,,,,,,,,,,,
,,,,,,,,,,,,,,,,,
,,,,,,,,,,,,,,,,,
,,,,,,,,,,,,,,,,,
,,,,,,,,,,,,,,,,,
,,,,,,,,,,,,,,,,,
,,,,,,,,,,,,,,,,,
,,,,,,,,,,,,,,,,,
,,,,,,,,,,,,,,,,,
,,,,,,,,,,,,,,,,,
,,,,,,,,,,,,,,,,,
,,,,,,,,,,,,,,,,,
,,,,,,,,,,,,,,,,,
,,,,,,,,,,,,,,,,,
,,,,,,,,,,,,,,,,,
,,,,,,,,,,,,,,,,,
,,,,,,,,,,,,,,,,,
,,,,,,,,,,,,,,,,,
,,,,,,,,,,,,,,,,,
,,,,,,,,,,,,,,,,,
,,,,,,,,,,,,,,,,,
,,,,,,,,,,,,,,,,,
,,,,,,,,,,,,,,,,,
,,,,,,,,,,,,,,,,,
,,,,,,,,,,,,,,,,,
,,,,,,,,,,,,,,,,,
,,,,,,,,,,,,,,,,,
,,,,,,,,,,,,,,,,,
,,,,,,,,,,,,,,,,,
,,,,,,,,,,,,,,,,,
,,,,,,,,,,,,,,,,,
,,,,,,,,,,,,,,,,,
,,,,,,,,,,,,,,,,,
,,,,,,,,,,,,,,,,,
,,,,,,,,,,,,,,,,,
,,,,,,,,,,,,,,,,,
,,,,,,,,,,,,,,,,,
,,,,,,,,,,,,,,,,,
,,,,,,,,,,,,,,,,,
,,,,,,,,,,,,,,,,,
,,,,,,,,,,,,,,,,,
,,,,,,,,,,,,,,,,,
,,,,,,,,,,,,,,,,,
,,,,,,,,,,,,,,,,,
,,,,,,,,,,,,,,,,,
,,,,,,,,,,,,,,,,,
,,,,,,,,,,,,,,,,,
,,,,,,,,,,,,,,,,,
,,,,,,,,,,,,,,,,,
,,,,,,,,,,,,,,,,,
,,,,,,,,,,,,,,,,,
,,,,,,,,,,,,,,,,,
,,,,,,,,,,,,,,,,,
,,,,,,,,,,,,,,,,,
,,,,,,,,,,,,,,,,,
,,,,,,,,,,,,,,,,,
,,,,,,,,,,,,,,,,,
,,,,,,,,,,,,,,,,,
,,,,,,,,,,,,,,,,,
,,,,,,,,,,,,,,,,,
,,,,,,,,,,,,,,,,,
,,,,,,,,,,,,,,,,,
,,,,,,,,,,,,,,,,,
,,,,,,,,,,,,,,,,,
,,,,,,,,,,,,,,,,,
,,,,,,,,,,,,,,,,,
,,,,,,,,,,,,,,,,,
,,,,,,,,,,,,,,,,,
,,,,,,,,,,,,,,,,,
,,,,,,,,,,,,,,,,,
,,,,,,,,,,,,,,,,,
,,,,,,,,,,,,,,,,,
,,,,,,,,,,,,,,,,,
,,,,,,,,,,,,,,,,,
,,,,,,,,,,,,,,,,,
,,,,,,,,,,,,,,,,,
,,,,,,,,,,,,,,,,,
,,,,,,,,,,,,,,,,,
,,,,,,,,,,,,,,,,,
,,,,,,,,,,,,,,,,,
,,,,,,,,,,,,,,,,,
,,,,,,,,,,,,,,,,,
,,,,,,,,,,,,,,,,,
,,,,,,,,,,,,,,,,,
,,,,,,,,,,,,,,,,,
,,,,,,,,,,,,,,,,,
,,,,,,,,,,,,,,,,,
,,,,,,,,,,,,,,,,,
,,,,,,,,,,,,,,,,,
,,,,,,,,,,,,,,,,,
,,,,,,,,,,,,,,,,,
,,,,,,,,,,,,,,,,,
,,,,,,,,,,,,,,,,,
,,,,,,,,,,,,,,,,,
,,,,,,,,,,,,,,,,,
,,,,,,,,,,,,,,,,,
,,,,,,,,,,,,,,,,,
,,,,,,,,,,,,,,,,,
,,,,,,,,,,,,,,,,,
,,,,,,,,,,,,,,,,,
,,,,,,,,,,,,,,,,,
,,,,,,,,,,,,,,,,,
,,,,,,,,,,,,,,,,,
,,,,,,,,,,,,,,,,,
,,,,,,,,,,,,,,,,,
,,,,,,,,,,,,,,,,,
,,,,,,,,,,,,,,,,,
,,,,,,,,,,,,,,,,,
,,,,,,,,,,,,,,,,,
,,,,,,,,,,,,,,,,,
,,,,,,,,,,,,,,,,,
,,,,,,,,,,,,,,,,,
,,,,,,,,,,,,,,,,,
,,,,,,,,,,,,,,,,,
,,,,,,,,,,,,,,,,,
,,,,,,,,,,,,,,,,,
,,,,,,,,,,,,,,,,,
,,,,,,,,,,,,,,,,,
,,,,,,,,,,,,,,,,,
,,,,,,,,,,,,,,,,,
,,,,,,,,,,,,,,,,,
,,,,,,,,,,,,,,,,,
,,,,,,,,,,,,,,,,,
,,,,,,,,,,,,,,,,,
,,,,,,,,,,,,,,,,,
,,,,,,,,,,,,,,,,,
,,,,,,,,,,,,,,,,,
,,,,,,,,,,,,,,,,,
,,,,,,,,,,,,,,,,,
,,,,,,,,,,,,,,,,,
,,,,,,,,,,,,,,,,,
,,,,,,,,,,,,,,,,,
,,,,,,,,,,,,,,,,,
,,,,,,,,,,,,,,,,,
,,,,,,,,,,,,,,,,,
,,,,,,,,,,,,,,,,,
,,,,,,,,,,,,,,,,,
,,,,,,,,,,,,,,,,,
,,,,,,,,,,,,,,,,,
,,,,,,,,,,,,,,,,,
,,,,,,,,,,,,,,,,,
,,,,,,,,,,,,,,,,,
,,,,,,,,,,,,,,,,,
,,,,,,,,,,,,,,,,,
,,,,,,,,,,,,,,,,,
,,,,,,,,,,,,,,,,,
,,,,,,,,,,,,,,,,,
,,,,,,,,,,,,,,,,,
,,,,,,,,,,,,,,,,,
,,,,,,,,,,,,,,,,,
,,,,,,,,,,,,,,,,,
,,,,,,,,,,,,,,,,,
,,,,,,,,,,,,,,,,,
,,,,,,,,,,,,,,,,,
,,,,,,,,,,,,,,,,,
,,,,,,,,,,,,,,,,,
,,,,,,,,,,,,,,,,,
,,,,,,,,,,,,,,,,,
,,,,,,,,,,,,,,,,,
,,,,,,,,,,,,,,,,,
,,,,,,,,,,,,,,,,,
,,,,,,,,,,,,,,,,,
,,,,,,,,,,,,,,,,,
,,,,,,,,,,,,,,,,,
,,,,,,,,,,,,,,,,,
,,,,,,,,,,,,,,,,,
,,,,,,,,,,,,,,,,,
,,,,,,,,,,,,,,,,,
,,,,,,,,,,,,,,,,,
,,,,,,,,,,,,,,,,,
,,,,,,,,,,,,,,,,,
,,,,,,,,,,,,,,,,,
,,,,,,,,,,,,,,,,,
,,,,,,,,,,,,,,,,,
,,,,,,,,,,,,,,,,,
,,,,,,,,,,,,,,,,,
,,,,,,,,,,,,,,,,,
,,,,,,,,,,,,,,,,,
,,,,,,,,,,,,,,,,,
,,,,,,,,,,,,,,,,,
,,,,,,,,,,,,,,,,,
,,,,,,,,,,,,,,,,,
,,,,,,,,,,,,,,,,,
,,,,,,,,,,,,,,,,,
,,,,,,,,,,,,,,,,,
,,,,,,,,,,,,,,,,,
,,,,,,,,,,,,,,,,,
,,,,,,,,,,,,,,,,,
,,,,,,,,,,,,,,,,,
,,,,,,,,,,,,,,,,,
,,,,,,,,,,,,,,,,,
,,,,,,,,,,,,,,,,,
,,,,,,,,,,,,,,,,,
,,,,,,,,,,,,,,,,,
,,,,,,,,,,,,,,,,,
,,,,,,,,,,,,,,,,,
,,,,,,,,,,,,,,,,,
,,,,,,,,,,,,,,,,,
,,,,,,,,,,,,,,,,,
,,,,,,,,,,,,,,,,,
,,,,,,,,,,,,,,,,,
,,,,,,,,,,,,,,,,,
,,,,,,,,,,,,,,,,,
,,,,,,,,,,,,,,,,,
,,,,,,,,,,,,,,,,,
,,,,,,,,,,,,,,,,,
,,,,,,,,,,,,,,,,,
,,,,,,,,,,,,,,,,,
,,,,,,,,,,,,,,,,,
,,,,,,,,,,,,,,,,,
,,,,,,,,,,,,,,,,,
,,,,,,,,,,,,,,,,,
,,,,,,,,,,,,,,,,,
,,,,,,,,,,,,,,,,,
,,,,,,,,,,,,,,,,,
,,,,,,,,,,,,,,,,,
,,,,,,,,,,,,,,,,,
,,,,,,,,,,,,,,,,,
,,,,,,,,,,,,,,,,,
,,,,,,,,,,,,,,,,,
,,,,,,,,,,,,,,,,,
,,,,,,,,,,,,,,,,,
,,,,,,,,,,,,,,,,,
,,,,,,,,,,,,,,,,,
,,,,,,,,,,,,,,,,,
,,,,,,,,,,,,,,,,,
,,,,,,,,,,,,,,,,,
,,,,,,,,,,,,,,,,,
,,,,,,,,,,,,,,,,,
,,,,,,,,,,,,,,,,,
,,,,,,,,,,,,,,,,,
,,,,,,,,,,,,,,,,,
,,,,,,,,,,,,,,,,,
,,,,,,,,,,,,,,,,,
,,,,,,,,,,,,,,,,,
,,,,,,,,,,,,,,,,,
,,,,,,,,,,,,,,,,,
,,,,,,,,,,,,,,,,,
,,,,,,,,,,,,,,,,,
,,,,,,,,,,,,,,,,,
,,,,,,,,,,,,,,,,,
,,,,,,,,,,,,,,,,,
,,,,,,,,,,,,,,,,,
,,,,,,,,,,,,,,,,,
,,,,,,,,,,,,,,,,,
,,,,,,,,,,,,,,,,,
,,,,,,,,,,,,,,,,,
,,,,,,,,,,,,,,,,,
,,,,,,,,,,,,,,,,,
,,,,,,,,,,,,,,,,,
,,,,,,,,,,,,,,,,,
,,,,,,,,,,,,,,,,,
,,,,,,,,,,,,,,,,,
,,,,,,,,,,,,,,,,,
,,,,,,,,,,,,,,,,,
,,,,,,,,,,,,,,,,,
,,,,,,,,,,,,,,,,,
,,,,,,,,,,,,,,,,,
,,,,,,,,,,,,,,,,,
,,,,,,,,,,,,,,,,,
,,,,,,,,,,,,,,,,,
,,,,,,,,,,,,,,,,,
,,,,,,,,,,,,,,,,,
,,,,,,,,,,,,,,,,,
,,,,,,,,,,,,,,,,,
,,,,,,,,,,,,,,,,,
,,,,,,,,,,,,,,,,,
,,,,,,,,,,,,,,,,,
,,,,,,,,,,,,,,,,,
,,,,,,,,,,,,,,,,,
,,,,,,,,,,,,,,,,,
,,,,,,,,,,,,,,,,,
,,,,,,,,,,,,,,,,,
,,,,,,,,,,,,,,,,,
,,,,,,,,,,,,,,,,,
,,,,,,,,,,,,,,,,,
,,,,,,,,,,,,,,,,,
,,,,,,,,,,,,,,,,,
,,,,,,,,,,,,,,,,,
,,,,,,,,,,,,,,,,,
,,,,,,,,,,,,,,,,,
,,,,,,,,,,,,,,,,,
,,,,,,,,,,,,,,,,,
,,,,,,,,,,,,,,,,,
,,,,,,,,,,,,,,,,,
,,,,,,,,,,,,,,,,,
,,,,,,,,,,,,,,,,,
,,,,,,,,,,,,,,,,,
,,,,,,,,,,,,,,,,,
,,,,,,,,,,,,,,,,,
,,,,,,,,,,,,,,,,,
,,,,,,,,,,,,,,,,,
,,,,,,,,,,,,,,,,,
,,,,,,,,,,,,,,,,,
,,,,,,,,,,,,,,,,,
,,,,,,,,,,,,,,,,,
,,,,,,,,,,,,,,,,,
,,,,,,,,,,,,,,,,,
,,,,,,,,,,,,,,,,,
,,,,,,,,,,,,,,,,,
,,,,,,,,,,,,,,,,,
,,,,,,,,,,,,,,,,,
,,,,,,,,,,,,,,,,,
,,,,,,,,,,,,,,,,,
,,,,,,,,,,,,,,,,,
,,,,,,,,,,,,,,,,,
,,,,,,,,,,,,,,,,,
,,,,,,,,,,,,,,,,,
,,,,,,,,,,,,,,,,,
,,,,,,,,,,,,,,,,,
,,,,,,,,,,,,,,,,,
,,,,,,,,,,,,,,,,,
,,,,,,,,,,,,,,,,,
,,,,,,,,,,,,,,,,,
,,,,,,,,,,,,,,,,,
,,,,,,,,,,,,,,,,,
,,,,,,,,,,,,,,,,,
,,,,,,,,,,,,,,,,,
,,,,,,,,,,,,,,,,,
,,,,,,,,,,,,,,,,,
,,,,,,,,,,,,,,,,,
,,,,,,,,,,,,,,,,,
,,,,,,,,,,,,,,,,,
,,,,,,,,,,,,,,,,,
,,,,,,,,,,,,,,,,,
,,,,,,,,,,,,,,,,,
,,,,,,,,,,,,,,,,,
,,,,,,,,,,,,,,,,,
,,,,,,,,,,,,,,,,,
,,,,,,,,,,,,,,,,,
,,,,,,,,,,,,,,,,,
,,,,,,,,,,,,,,,,,
,,,,,,,,,,,,,,,,,
,,,,,,,,,,,,,,,,,
,,,,,,,,,,,,,,,,,
,,,,,,,,,,,,,,,,,
,,,,,,,,,,,,,,,,,
,,,,,,,,,,,,,,,,,
,,,,,,,,,,,,,,,,,
,,,,,,,,,,,,,,,,,
,,,,,,,,,,,,,,,,,
,,,,,,,,,,,,,,,,,
,,,,,,,,,,,,,,,,,
,,,,,,,,,,,,,,,,,
,,,,,,,,,,,,,,,,,
,,,,,,,,,,,,,,,,,
,,,,,,,,,,,,,,,,,
,,,,,,,,,,,,,,,,,
,,,,,,,,,,,,,,,,,
,,,,,,,,,,,,,,,,,
,,,,,,,,,,,,,,,,,
,,,,,,,,,,,,,,,,,
,,,,,,,,,,,,,,,,,
,,,,,,,,,,,,,,,,,
,,,,,,,,,,,,,,,,,
,,,,,,,,,,,,,,,,,
,,,,,,,,,,,,,,,,,
,,,,,,,,,,,,,,,,,
,,,,,,,,,,,,,,,,,
,,,,,,,,,,,,,,,,,
,,,,,,,,,,,,,,,,,
,,,,,,,,,,,,,,,,,
,,,,,,,,,,,,,,,,,
,,,,,,,,,,,,,,,,,
,,,,,,,,,,,,,,,,,
,,,,,,,,,,,,,,,,,
,,,,,,,,,,,,,,,,,
,,,,,,,,,,,,,,,,,
,,,,,,,,,,,,,,,,,
,,,,,,,,,,,,,,,,,
,,,,,,,,,,,,,,,,,
,,,,,,,,,,,,,,,,,
,,,,,,,,,,,,,,,,,
,,,,,,,,,,,,,,,,,
,,,,,,,,,,,,,,,,,
,,,,,,,,,,,,,,,,,
,,,,,,,,,,,,,,,,,
,,,,,,,,,,,,,,,,,
,,,,,,,,,,,,,,,,,
,,,,,,,,,,,,,,,,,
,,,,,,,,,,,,,,,,,
,,,,,,,,,,,,,,,,,
,,,,,,,,,,,,,,,,,
,,,,,,,,,,,,,,,,,
,,,,,,,,,,,,,,,,,
,,,,,,,,,,,,,,,,,
,,,,,,,,,,,,,,,,,
,,,,,,,,,,,,,,,,,
,,,,,,,,,,,,,,,,,
,,,,,,,,,,,,,,,,,
,,,,,,,,,,,,,,,,,
,,,,,,,,,,,,,,,,,
,,,,,,,,,,,,,,,,,
,,,,,,,,,,,,,,,,,
,,,,,,,,,,,,,,,,,
,,,,,,,,,,,,,,,,,
,,,,,,,,,,,,,,,,,
,,,,,,,,,,,,,,,,,
,,,,,,,,,,,,,,,,,
,,,,,,,,,,,,,,,,,
,,,,,,,,,,,,,,,,,
,,,,,,,,,,,,,,,,,
,,,,,,,,,,,,,,,,,
,,,,,,,,,,,,,,,,,
,,,,,,,,,,,,,,,,,
,,,,,,,,,,,,,,,,,
,,,,,,,,,,,,,,,,,
,,,,,,,,,,,,,,,,,
,,,,,,,,,,,,,,,,,
,,,,,,,,,,,,,,,,,
,,,,,,,,,,,,,,,,,
,,,,,,,,,,,,,,,,,
,,,,,,,,,,,,,,,,,
,,,,,,,,,,,,,,,,,
,,,,,,,,,,,,,,,,,
,,,,,,,,,,,,,,,,,
,,,,,,,,,,,,,,,,,
,,,,,,,,,,,,,,,,,
,,,,,,,,,,,,,,,,,
,,,,,,,,,,,,,,,,,
,,,,,,,,,,,,,,,,,
,,,,,,,,,,,,,,,,,
,,,,,,,,,,,,,,,,,
,,,,,,,,,,,,,,,,,
,,,,,,,,,,,,,,,,,
,,,,,,,,,,,,,,,,,
,,,,,,,,,,,,,,,,,
,,,,,,,,,,,,,,,,,
,,,,,,,,,,,,,,,,,
,,,,,,,,,,,,,,,,,
,,,,,,,,,,,,,,,,,
,,,,,,,,,,,,,,,,,
,,,,,,,,,,,,,,,,,
,,,,,,,,,,,,,,,,,
,,,,,,,,,,,,,,,,,
,,,,,,,,,,,,,,,,,
,,,,,,,,,,,,,,,,,
,,,,,,,,,,,,,,,,,
,,,,,,,,,,,,,,,,,
,,,,,,,,,,,,,,,,,
,,,,,,,,,,,,,,,,,
,,,,,,,,,,,,,,,,,
,,,,,,,,,,,,,,,,,
,,,,,,,,,,,,,,,,,
,,,,,,,,,,,,,,,,,
,,,,,,,,,,,,,,,,,
,,,,,,,,,,,,,,,,,
,,,,,,,,,,,,,,,,,
,,,,,,,,,,,,,,,,,
,,,,,,,,,,,,,,,,,
,,,,,,,,,,,,,,,,,
,,,,,,,,,,,,,,,,,
,,,,,,,,,,,,,,,,,
,,,,,,,,,,,,,,,,,
,,,,,,,,,,,,,,,,,
,,,,,,,,,,,,,,,,,
,,,,,,,,,,,,,,,,,
,,,,,,,,,,,,,,,,,
,,,,,,,,,,,,,,,,,
,,,,,,,,,,,,,,,,,
,,,,,,,,,,,,,,,,,
,,,,,,,,,,,,,,,,,
,,,,,,,,,,,,,,,,,
,,,,,,,,,,,,,,,,,
,,,,,,,,,,,,,,,,,
,,,,,,,,,,,,,,,,,
,,,,,,,,,,,,,,,,,
,,,,,,,,,,,,,,,,,
,,,,,,,,,,,,,,,,,
,,,,,,,,,,,,,,,,,
,,,,,,,,,,,,,,,,,
,,,,,,,,,,,,,,,,,
,,,,,,,,,,,,,,,,,
,,,,,,,,,,,,,,,,,
,,,,,,,,,,,,,,,,,
,,,,,,,,,,,,,,,,,
,,,,,,,,,,,,,,,,,
,,,,,,,,,,,,,,,,,
,,,,,,,,,,,,,,,,,
,,,,,,,,,,,,,,,,,
,,,,,,,,,,,,,,,,,
,,,,,,,,,,,,,,,,,
,,,,,,,,,,,,,,,,,
,,,,,,,,,,,,,,,,,
,,,,,,,,,,,,,,,,,
,,,,,,,,,,,,,,,,,
,,,,,,,,,,,,,,,,,
,,,,,,,,,,,,,,,,,
,,,,,,,,,,,,,,,,,
,,,,,,,,,,,,,,,,,
,,,,,,,,,,,,,,,,,
,,,,,,,,,,,,,,,,,
,,,,,,,,,,,,,,,,,
,,,,,,,,,,,,,,,,,
,,,,,,,,,,,,,,,,,
,,,,,,,,,,,,,,,,,
,,,,,,,,,,,,,,,,,
,,,,,,,,,,,,,,,,,
,,,,,,,,,,,,,,,,,
,,,,,,,,,,,,,,,,,
,,,,,,,,,,,,,,,,,
,,,,,,,,,,,,,,,,,
,,,,,,,,,,,,,,,,,
,,,,,,,,,,,,,,,,,
,,,,,,,,,,,,,,,,,
,,,,,,,,,,,,,,,,,
,,,,,,,,,,,,,,,,,
,,,,,,,,,,,,,,,,,
,,,,,,,,,,,,,,,,,
,,,,,,,,,,,,,,,,,
,,,,,,,,,,,,,,,,,
,,,,,,,,,,,,,,,,,
,,,,,,,,,,,,,,,,,
,,,,,,,,,,,,,,,,,
,,,,,,,,,,,,,,,,,
,,,,,,,,,,,,,,,,,
,,,,,,,,,,,,,,,,,
,,,,,,,,,,,,,,,,,
,,,,,,,,,,,,,,,,,
,,,,,,,,,,,,,,,,,
,,,,,,,,,,,,,,,,,
,,,,,,,,,,,,,,,,,
,,,,,,,,,,,,,,,,,
,,,,,,,,,,,,,,,,,
,,,,,,,,,,,,,,,,,
,,,,,,,,,,,,,,,,,
,,,,,,,,,,,,,,,,,
,,,,,,,,,,,,,,,,,
,,,,,,,,,,,,,,,,,
,,,,,,,,,,,,,,,,,
,,,,,,,,,,,,,,,,,
,,,,,,,,,,,,,,,,,
,,,,,,,,,,,,,,,,,
,,,,,,,,,,,,,,,,,
,,,,,,,,,,,,,,,,,
,,,,,,,,,,,,,,,,,
,,,,,,,,,,,,,,,,,
,,,,,,,,,,,,,,,,,
,,,,,,,,,,,,,,,,,
,,,,,,,,,,,,,,,,,
,,,,,,,,,,,,,,,,,
,,,,,,,,,,,,,,,,,
,,,,,,,,,,,,,,,,,
,,,,,,,,,,,,,,,,,
,,,,,,,,,,,,,,,,,
,,,,,,,,,,,,,,,,,
,,,,,,,,,,,,,,,,,
,,,,,,,,,,,,,,,,,
,,,,,,,,,,,,,,,,,
,,,,,,,,,,,,,,,,,
,,,,,,,,,,,,,,,,,
,,,,,,,,,,,,,,,,,
,,,,,,,,,,,,,,,,,
,,,,,,,,,,,,,,,,,
,,,,,,,,,,,,,,,,,
,,,,,,,,,,,,,,,,,
,,,,,,,,,,,,,,,,,
,,,,,,,,,,,,,,,,,
,,,,,,,,,,,,,,,,,
,,,,,,,,,,,,,,,,,
,,,,,,,,,,,,,,,,,
,,,,,,,,,,,,,,,,,
,,,,,,,,,,,,,,,,,
,,,,,,,,,,,,,,,,,
,,,,,,,,,,,,,,,,,
,,,,,,,,,,,,,,,,,
,,,,,,,,,,,,,,,,,
,,,,,,,,,,,,,,,,,
,,,,,,,,,,,,,,,,,
,,,,,,,,,,,,,,,,,
,,,,,,,,,,,,,,,,,
,,,,,,,,,,,,,,,,,
,,,,,,,,,,,,,,,,,
,,,,,,,,,,,,,,,,,
,,,,,,,,,,,,,,,,,
,,,,,,,,,,,,,,,,,
,,,,,,,,,,,,,,,,,
,,,,,,,,,,,,,,,,,
,,,,,,,,,,,,,,,,,
,,,,,,,,,,,,,,,,,
,,,,,,,,,,,,,,,,,
,,,,,,,,,,,,,,,,,
,,,,,,,,,,,,,,,,,
,,,,,,,,,,,,,,,,,
,,,,,,,,,,,,,,,,,
,,,,,,,,,,,,,,,,,
,,,,,,,,,,,,,,,,,
,,,,,,,,,,,,,,,,,
,,,,,,,,,,,,,,,,,
,,,,,,,,,,,,,,,,,
,,,,,,,,,,,,,,,,,
,,,,,,,,,,,,,,,,,
,,,,,,,,,,,,,,,,,
,,,,,,,,,,,,,,,,,
,,,,,,,,,,,,,,,,,
,,,,,,,,,,,,,,,,,
,,,,,,,,,,,,,,,,,
,,,,,,,,,,,,,,,,,
,,,,,,,,,,,,,,,,,
,,,,,,,,,,,,,,,,,
,,,,,,,,,,,,,,,,,
,,,,,,,,,,,,,,,,,
,,,,,,,,,,,,,,,,,
,,,,,,,,,,,,,,,,,
,,,,,,,,,,,,,,,,,
,,,,,,,,,,,,,,,,,
,,,,,,,,,,,,,,,,,
,,,,,,,,,,,,,,,,,
,,,,,,,,,,,,,,,,,
,,,,,,,,,,,,,,,,,
,,,,,,,,,,,,,,,,,
,,,,,,,,,,,,,,,,,
,,,,,,,,,,,,,,,,,
,,,,,,,,,,,,,,,,,
,,,,,,,,,,,,,,,,,
,,,,,,,,,,,,,,,,,
,,,,,,,,,,,,,,,,,
,,,,,,,,,,,,,,,,,
,,,,,,,,,,,,,,,,,
,,,,,,,,,,,,,,,,,
,,,,,,,,,,,,,,,,,
,,,,,,,,,,,,,,,,,
,,,,,,,,,,,,,,,,,
,,,,,,,,,,,,,,,,,
,,,,,,,,,,,,,,,,,
,,,,,,,,,,,,,,,,,
,,,,,,,,,,,,,,,,,
,,,,,,,,,,,,,,,,,
,,,,,,,,,,,,,,,,,
,,,,,,,,,,,,,,,,,
,,,,,,,,,,,,,,,,,
,,,,,,,,,,,,,,,,,
,,,,,,,,,,,,,,,,,
,,,,,,,,,,,,,,,,,
,,,,,,,,,,,,,,,,,
,,,,,,,,,,,,,,,,,
,,,,,,,,,,,,,,,,,
,,,,,,,,,,,,,,,,,
,,,,,,,,,,,,,,,,,
,,,,,,,,,,,,,,,,,
,,,,,,,,,,,,,,,,,
,,,,,,,,,,,,,,,,,
,,,,,,,,,,,,,,,,,
,,,,,,,,,,,,,,,,,
,,,,,,,,,,,,,,,,,
,,,,,,,,,,,,,,,,,
,,,,,,,,,,,,,,,,,
,,,,,,,,,,,,,,,,,
,,,,,,,,,,,,,,,,,
,,,,,,,,,,,,,,,,,
,,,,,,,,,,,,,,,,,
,,,,,,,,,,,,,,,,,
,,,,,,,,,,,,,,,,,
,,,,,,,,,,,,,,,,,
,,,,,,,,,,,,,,,,,
,,,,,,,,,,,,,,,,,
,,,,,,,,,,,,,,,,,
,,,,,,,,,,,,,,,,,
,,,,,,,,,,,,,,,,,
,,,,,,,,,,,,,,,,,
,,,,,,,,,,,,,,,,,
,,,,,,,,,,,,,,,,,
,,,,,,,,,,,,,,,,,
,,,,,,,,,,,,,,,,,
,,,,,,,,,,,,,,,,,
,,,,,,,,,,,,,,,,,
,,,,,,,,,,,,,,,,,
,,,,,,,,,,,,,,,,,
,,,,,,,,,,,,,,,,,
,,,,,,,,,,,,,,,,,
,,,,,,,,,,,,,,,,,
,,,,,,,,,,,,,,,,,
,,,,,,,,,,,,,,,,,
,,,,,,,,,,,,,,,,,
,,,,,,,,,,,,,,,,,
,,,,,,,,,,,,,,,,,
,,,,,,,,,,,,,,,,,
,,,,,,,,,,,,,,,,,
,,,,,,,,,,,,,,,,,
,,,,,,,,,,,,,,,,,
,,,,,,,,,,,,,,,,,
,,,,,,,,,,,,,,,,,
,,,,,,,,,,,,,,,,,
,,,,,,,,,,,,,,,,,
,,,,,,,,,,,,,,,,,
,,,,,,,,,,,,,,,,,
,,,,,,,,,,,,,,,,,
,,,,,,,,,,,,,,,,,
,,,,,,,,,,,,,,,,,
,,,,,,,,,,,,,,,,,
,,,,,,,,,,,,,,,,,
,,,,,,,,,,,,,,,,,
,,,,,,,,,,,,,,,,,
,,,,,,,,,,,,,,,,,
,,,,,,,,,,,,,,,,,
,,,,,,,,,,,,,,,,,
,,,,,,,,,,,,,,,,,
,,,,,,,,,,,,,,,,,
,,,,,,,,,,,,,,,,,
,,,,,,,,,,,,,,,,,
,,,,,,,,,,,,,,,,,
,,,,,,,,,,,,,,,,,
,,,,,,,,,,,,,,,,,
,,,,,,,,,,,,,,,,,
,,,,,,,,,,,,,,,,,
,,,,,,,,,,,,,,,,,
,,,,,,,,,,,,,,,,,
,,,,,,,,,,,,,,,,,
,,,,,,,,,,,,,,,,,
,,,,,,,,,,,,,,,,,
,,,,,,,,,,,,,,,,,
,,,,,,,,,,,,,,,,,
